INSERT INTO manager(manager_id, fname, lname, country, age, salary, team_name) VALUES(4,'Louis','Gaal','Netherlands',64,7300000,'Manchester United');
INSERT INTO manager(manager_id, fname, lname, country, age, salary, team_name) VALUES(3,'Arsene','Wenger','France',67,7200000,'Arsenal');
INSERT INTO manager(manager_id, fname, lname, country, age, salary, team_name) VALUES(1,'Jose','Mourinho','Portugal',53,12200000,'Chelsea');
INSERT INTO manager(manager_id, fname, lname, country, age, salary, team_name) VALUES(6,'Jurgen','Klopp','Germany',48,7000000,'Liverpool');
INSERT INTO manager(manager_id, fname, lname, country, age, salary, team_name) VALUES(2,'Manuel','Pellegrini','Chile',62,4150000,'Manchester City');
INSERT INTO manager(manager_id, fname, lname, country, age, salary, team_name) VALUES(5,'Mauricio','Pochettino','Argentina',64,2000000,'Tottenham Hotspur');

INSERT INTO team(team_name, year_estd, no_of_trophies, manager_id, position) VALUES('Manchester United','1902',11,4,4);
INSERT INTO team(team_name, year_estd, no_of_trophies, manager_id, position) VALUES('Arsenal','1896',12,3,3);
INSERT INTO team(team_name, year_estd, no_of_trophies, manager_id, position) VALUES('Chelsea','1905',7,1,1);
INSERT INTO team(team_name, year_estd, no_of_trophies, manager_id, position) VALUES('Liverpool','1892',7,6,6);
INSERT INTO team(team_name, year_estd, no_of_trophies, manager_id, position) VALUES('Manchester City','1894',5,2,2);
INSERT INTO team(team_name, year_estd, no_of_trophies, manager_id, position) VALUES('Tottenham Hotspur','1882',3,5,5);

INSERT INTO player(player_id, fname, lname, age, country, salary, position, team_name) VALUES(11,'Mesut','Ozil',28,'Germany',12000000,'Mid-field','Arsenl');
INSERT INTO player(player_id, fname, lname, age, country, salary, position, team_name) VALUES(17,'Alexis','Sanchez',28,'Chile',11500000,'Forward','Arsenl');
INSERT INTO player(player_id, fname, lname, age, country, salary, position, team_name) VALUES(19,'Santi','Cazorla',32,'Spain',7000000,'Mid-field','Arsenl');
INSERT INTO player(player_id, fname, lname, age, country, salary, position, team_name) VALUES(12,'Olivier','Giroud',30,'France',8000000,'Forward','Arsenl');
INSERT INTO player(player_id, fname, lname, age, country, salary, position, team_name) VALUES(16,'Aaron','Ramsi',26,'Wales',12000000,'Mid-field','Arsenl');
INSERT INTO player(player_id, fname, lname, age, country, salary, position, team_name) VALUES(33,'Peter','Cech',34,'Czech Republic',5000000,'Goal-keeper','Arsenl');
INSERT INTO player(player_id, fname, lname, age, country, salary, position, team_name) VALUES(10,'Jack','Wilshere',24,'England',3000000,'Mid-field','Arsenl');
INSERT INTO player(player_id, fname, lname, age, country, salary, position, team_name) VALUES(45,'Alex','Iwobi',20,'England',8000000,'Forward','Arsenl');
INSERT INTO player(player_id, fname, lname, age, country, salary, position, team_name) VALUES(3,'Keiran','Gibbs',27,'England',3200000,'Defender','Arsenl');
INSERT INTO player(player_id, fname, lname, age, country, salary, position, team_name) VALUES(4,'Per','Mertesacker',32,'Germany',2500000,'Defender','Arsenl');
INSERT INTO player(player_id, fname, lname, age, country, salary, position, team_name) VALUES(24,'Hector','Bellerin',21,'Spain',1250000,'Defender','Arsenl');

INSERT INTO player(player_id, fname, lname, age, country, salary, position, team_name) VALUES(1,'Joe','Hart',29,'England',9000000,'Goal-keeper','Manchester City');
INSERT INTO player(player_id, fname, lname, age, country, salary, position, team_name) VALUES(26,'Martin','Demichelis',36,'Argentina',5400000,'Defender','Manchester City');
INSERT INTO player(player_id, fname, lname, age, country, salary, position, team_name) VALUES(3,'Backary','Sagna',33,'France',7800000,'Defender','Manchester City');
INSERT INTO player(player_id, fname, lname, age, country, salary, position, team_name) VALUES(77,'Cameron','Humphreys',18,'England',7200000,'Defender','Manchester City');
INSERT INTO player(player_id, fname, lname, age, country, salary, position, team_name) VALUES(11,'Aleksander','Kolarov',31,'Serbia',6600000,'Defender','Manchester City');
INSERT INTO player(player_id, fname, lname, age, country, salary, position, team_name) VALUES(62,'Brandon','Barker',20,'England',5250000,'Mid-field','Manchester City');
INSERT INTO player(player_id, fname, lname, age, country, salary, position, team_name) VALUES(42,'Yaya','Toure',33,'Ivory Coast',4420000,'Mid-field','Manchester City');
INSERT INTO player(player_id, fname, lname, age, country, salary, position, team_name) VALUES(21,'David','Silva',30,'Spain',7000000,'Mid-field','Manchester City');
INSERT INTO player(player_id, fname, lname, age, country, salary, position, team_name) VALUES(10,'Sergio','Aguero',28,'Argentina',8900000,'Forward','Manchester City');
INSERT INTO player(player_id, fname, lname, age, country, salary, position, team_name) VALUES(51,'David','Faupala',19,'France',2600000,'Forward','Manchester City');
INSERT INTO player(player_id, fname, lname, age, country, salary, position, team_name) VALUES(14,'Wilfried','Dony',28,'Ivory Coast',3200000,'Forward','Manchester City');

INSERT INTO player(player_id, fname, lname, age, country, salary, position, team_name) VALUES(1,'De','Gea',26,'Spain',4500000,'Goal-keeper','Manchester United');
INSERT INTO player(player_id, fname, lname, age, country, salary, position, team_name) VALUES(17,'Deley','Blind',26,'Netherlands',32500000,'Defender','Manchester United'); 
INSERT INTO player(player_id, fname, lname, age, country, salary, position, team_name) VALUES(43,'Cameron','Jackson',19,'England',6000000,'Defender','Manchester United'); 
INSERT INTO player(player_id, fname, lname, age, country, salary, position, team_name) VALUES(4,'Phil','Jones',24,'England',5600000,'Defender','Manchester United'); 
INSERT INTO player(player_id, fname, lname, age, country, salary, position, team_name) VALUES(31,'Bastian','Sehweinsteiger',32,'Germany',6650000,'Mid-field','Manchester United'); 
INSERT INTO player(player_id, fname, lname, age, country, salary, position, team_name) VALUES(25,'Antonio','Valencia',31,'Ecuador',4520000,'Mid-field','Manchester United'); 
INSERT INTO player(player_id, fname, lname, age, country, salary, position, team_name) VALUES(8,'Juan','Mata',28,'Spain',7000000,'Mid-field','Manchester United'); 
INSERT INTO player(player_id, fname, lname, age, country, salary, position, team_name) VALUES(35,'Jesse','Lingard',24,'England',7200000,'Mid-field','Manchester United'); 
INSERT INTO player(player_id, fname, lname, age, country, salary, position, team_name) VALUES(10,'Wayne','Rooney', 31,'England',9130000,'Forward','Manchester United'); 
INSERT INTO player(player_id, fname, lname, age, country, salary, position, team_name) VALUES(39,'Marcus','Rashford',19 ,'Engalnd',3450000,'Forward','Manchester United'); 
INSERT INTO player(player_id, fname, lname, age, country, salary, position, team_name) VALUES(7,'Memphis','Depay',22,'Netherlands',5890000,'Forward','Manchester United'); 

INSERT INTO player(player_id, fname, lname, age, country, salary, position, team_name) VALUES(1,'Asmir','Begovic',29,'Bosnia-Herzegovina',2310000,'Goal-keeper','Chelsea');
INSERT INTO player(player_id, fname, lname, age, country, salary, position, team_name) VALUES(26,'John','Terry',36,'Engalnd',7800000,'Defender','Chelsea');
INSERT INTO player(player_id, fname, lname, age, country, salary, position, team_name) VALUES(24,'Gary','Cahill',31,'England',3210000,'Defender','Chelsea');
INSERT INTO player(player_id, fname, lname, age, country, salary, position, team_name) VALUES(2,'Branislav','Ivanovic',32,'Serbia',1240000,'Defender','Chelsea');
INSERT INTO player(player_id, fname, lname, age, country, salary, position, team_name) VALUES(5,'Kurt','Zouma',22,'France',6500000,'Defender','Chelsea');
INSERT INTO player(player_id, fname, lname, age, country, salary, position, team_name) VALUES(4,'Cese','Fabregas',29,'Spain',4560000,'Mid-field','Chelsea');
INSERT INTO player(player_id, fname, lname, age, country, salary, position, team_name) VALUES(10,'Eden','Hazard',25,'Belgium',8000000,'Mid-field','Chelsea');
INSERT INTO player(player_id, fname, lname, age, country, salary, position, team_name) VALUES(41,'Charlie','Colkett',20,'England',5420000,'Mid-field','Chelsea');
INSERT INTO player(player_id, fname, lname, age, country, salary, position, team_name) VALUES(19,'Diego','Costa',28,'Spain',6200000,'Forward','Chelsea');
INSERT INTO player(player_id, fname, lname, age, country, salary, position, team_name) VALUES(11,'Alexandre','Pato',27,'Brazil',5000000,'Forward','Chelsea');
INSERT INTO player(player_id, fname, lname, age, country, salary, position, team_name) VALUES(9,'Radamei','Falcao',30,'Colombia',6500000,'Forward','Chelsea');

INSERT INTO player(player_id, fname, lname, age, country, salary, position, team_name) VALUES(22,'Simon','Mignolet',28,'Belgium',2250000,'Goal-keeper','Liverpool');
INSERT INTO player(player_id, fname, lname, age, country, salary, position, team_name) VALUES(56,'Connor','Randall',21,'England',6100000,'Defender','Liverpool');
INSERT INTO player(player_id, fname, lname, age, country, salary, position, team_name) VALUES(12,'Joe','Gomez',19,'England',3250000,'Defender','Liverpool');
INSERT INTO player(player_id, fname, lname, age, country, salary, position, team_name) VALUES(6,'Dejan','Loveren',27,'Croatia',2250000,'Defender','Liverpool');
INSERT INTO player(player_id, fname, lname, age, country, salary, position, team_name) VALUES(7,'James','Milner',30,'England',4450000,'Mid-field','Liverpool');
INSERT INTO player(player_id, fname, lname, age, country, salary, position, team_name) VALUES(24,'Joe','Allen',26,'Wales',2000000,'Mid-field','Liverpool');
INSERT INTO player(player_id, fname, lname, age, country, salary, position, team_name) VALUES(23,'Emere','Can',22,'Germany',5000000,'Mid-field','Liverpool');
INSERT INTO player(player_id, fname, lname, age, country, salary, position, team_name) VALUES(21,'Lucas','Leiva',29,'Brazil',6000000,'Mid-field','Liverpool');
INSERT INTO player(player_id, fname, lname, age, country, salary, position, team_name) VALUES(40,'Ryan','Kent',20,'England',4420000,'Forward','Liverpool');
INSERT INTO player(player_id, fname, lname, age, country, salary, position, team_name) VALUES(15,'Daniel','Sturridge',27,'England',5120000,'Forward','Liverpool');
INSERT INTO player(player_id, fname, lname, age, country, salary, position, team_name) VALUES(9,'Christian','Benteke',26,'Belgium',3200000,'Forward','Liverpool');

INSERT INTO player(player_id, fname, lname, age, country, salary, position, team_name) VALUES(1,'Hugo','Lloris',30,'France',5000000,'Goal-keeper','Tottenham Hotspur');
INSERT INTO player(player_id, fname, lname, age, country, salary, position, team_name) VALUES(2,'Kyle','Walker',26,'England',6300000,'Defender','Tottenham Hotspur');
INSERT INTO player(player_id, fname, lname, age, country, salary, position, team_name) VALUES(3,'Danny','Rose',26,'England',5200000,'Defender','Tottenham Hotspur');
INSERT INTO player(player_id, fname, lname, age, country, salary, position, team_name) VALUES(27,'Kevin','Vimmer',24,'Austria',2500000,'Defender','Tottenham Hotspur');
INSERT INTO player(player_id, fname, lname, age, country, salary, position, team_name) VALUES(4,'Toby','Alderweireld',27,'Belgium',4500000,'Defender','Tottenham Hotspur');
INSERT INTO player(player_id, fname, lname, age, country, salary, position, team_name) VALUES(19,'Mousa','Dembele',29,'Belgium',7000000,'Mid-field','Tottenham Hotspur');
INSERT INTO player(player_id, fname, lname, age, country, salary, position, team_name) VALUES(23,'Christian','Eriksen',24,'Denmark',8000000,'Mid-field','Tottenham Hotspur');
INSERT INTO player(player_id, fname, lname, age, country, salary, position, team_name) VALUES(11,'Erik','Lamella',24,'Argentina',7300000,'Mid-field','Tottenham Hotspur');
INSERT INTO player(player_id, fname, lname, age, country, salary, position, team_name) VALUES(10,'Harry','Kane',23,'England',7600000,'Forward','Tottenham Hotspur');
INSERT INTO player(player_id, fname, lname, age, country, salary, position, team_name) VALUES(22,'Nacer','Chadli',27,'Belgium',4900000,'Forward','Tottenham Hotspur');
INSERT INTO player(player_id, fname, lname, age, country, salary, position, team_name) VALUES(25,'Joshua','Onomah',19,'England',3100000,'Forward','Tottenham Hotspur');


INSERT INTO stadium(stadium_name, capacity, location, year_estd, team_name) VALUES('Stamford Bridge',41663,'Fulham,Landon','1905','Chelsea');
INSERT INTO stadium(stadium_name, capacity, location, year_estd, team_name) VALUES('Old Trafford',75635,'Greater Manchester,England','1909','Manchester United');
INSERT INTO stadium(stadium_name, capacity, location, year_estd, team_name) VALUES('Etihad',54693,'Etihad Campus Manchester,England','1999','Manchester City');
INSERT INTO stadium(stadium_name, capacity, location, year_estd, team_name) VALUES('Anfield',45276,'Liverpool,Merseyside,England','1892','Liverpool');
INSERT INTO stadium(stadium_name, capacity, location, year_estd, team_name) VALUES('Emirates stadium',38419,'Highbury,London,England','1932','Arsenal');
INSERT INTO stadium(stadium_name, capacity, location, year_estd, team_name) VALUES('White Hart Lane',36284,'748 High road,Tottenham,London','1898','Tottenham Hotspur');

INSERT INTO owner(owner_id, owner_fname,owner_lname,team_name) VALUES(4,'Malcolm','Glazer','Manchester United');
INSERT INTO owner(owner_id, owner_fname,owner_lname,team_name) VALUES(2,'Mansour','Zayed','Manchester City');
INSERT INTO owner(owner_id, owner_fname,owner_lname,team_name) VALUES(3,'Stan','Kroenke','Arsenal');
INSERT INTO owner(owner_id, owner_fname,owner_lname,team_name) VALUES(1,'Roman','Abramovich','Chelsea');
INSERT INTO owner(owner_id, owner_fname,owner_lname,team_name) VALUES(6,'John','Henry','Liverpool');
INSERT INTO owner(owner_id, owner_fname,owner_lname,team_name) VALUES(5,'Daniel','Levy','Tottenham Hotspur');


INSERT INTO sponser(sponser_id, s_name) VALUES(6,'Standard Chartered');
INSERT INTO sponser(sponser_id, s_name) VALUES(1,'Samsung');
INSERT INTO sponser(sponser_id, s_name) VALUES(5,'AIA Group Ltd');
INSERT INTO sponser(sponser_id, s_name) VALUES(3,'Emirates');
INSERT INTO sponser(sponser_id, s_name) VALUES(4,'Adidas');
INSERT INTO sponser(sponser_id, s_name) VALUES(2,'Etihad');

INSERT INTO points_table(position,team_name,games_played,won,losses,draw,goals_scored,goals_against,points) VALUES(1,'Chelsea',7,5,2,0,15,5,10);
INSERT INTO points_table(position,team_name,games_played,won,losses,draw,goals_scored,goals_against,points) VALUES(2,'Manchester City',6,4,1,1,8,3,9);
INSERT INTO points_table(position,team_name,games_played,won,losses,draw,goals_scored,goals_against,points) VALUES(3,'Arsenal',6,4,2,0,8,3,8);
INSERT INTO points_table(position,team_name,games_played,won,losses,draw,goals_scored,goals_against,points) VALUES(4,'Manchester United',6,3,2,1,8,3,7);
INSERT INTO points_table(position,team_name,games_played,won,losses,draw,goals_scored,goals_against,points) VALUES(5,'Tottenham Hotspur',6,2,3,1,8,3,5);
INSERT INTO points_table(position,team_name,games_played,won,losses,draw,goals_scored,goals_against,points) VALUES(6,'Liverpool',5,1,4,0,8,3,2);


INSERT INTO matches(matches_id, date,team1,team2,result, stadium_name) VALUES(101,'8-8-2015','Manchester United','Tottenham Hotspur','Tottenham Hotspur won','Old Trafford');
INSERT INTO matches(matches_id, date,team1,team2,result, stadium_name) VALUES(102,'15-8-2015','Manchester City','Chelsea','Chelsea won','Etihad Stadium');
INSERT INTO matches(matches_id, date,team1,team2,result, stadium_name) VALUES(103,'22-8-2015','Arsenal','Liverpool','Arsenal won','Anfield');
INSERT INTO matches(matches_id, date,team1,team2,result, stadium_name) VALUES(104,'14-9-2015','Tottenham Hotspur','Arsenal','Tottenham Hotspur won','Emirates stadium');
INSERT INTO matches(matches_id, date,team1,team2,result, stadium_name) VALUES(105,'29-8-2015','Chelsea ','Manchester United','Manchester United won','Stamford Bridge');
INSERT INTO matches(matches_id, date,team1,team2,result, stadium_name) VALUES(106,'4-9-2015','Liverpool','Manchester City','Liverpool won','White Hart Lane');
INSERT INTO matches(matches_id, date,team1,team2,result, stadium_name) VALUES(107,'8-9-2015','Tottenham Hotspur','Arsenal','Arsenal won','Old Trafford');
INSERT INTO matches(matches_id, date,team1,team2,result, stadium_name) VALUES(108,'8-9-2015','Liverpool','Manchester United','Manchester United won','Anfield');
INSERT INTO matches(matches_id, date,team1,team2,result, stadium_name) VALUES(109,'13-9-2015','Tottenham Hotspur','Chelsea','Chelsea won','Stamford Bridge');
INSERT INTO matches(matches_id, date,team1,team2,result, stadium_name) VALUES(110,'16-9-2015','Chelsea','Liverpool','Chelsea won','White Hart Lane');
INSERT INTO matches(matches_id, date,team1,team2,result, stadium_name) VALUES(111,'17-9-2015','Tottenham Hotspur','Chelsea','Chelsea won','Stamford Bridge');
INSERT INTO matches(matches_id, date,team1,team2,result, stadium_name) VALUES(112,'19-9-2015','Chelsea','Arsenal','Chelsea won','Emirates Stadium');
INSERT INTO matches(matches_id, date,team1,team2,result, stadium_name) VALUES(113,'22-9-2015','Manchester City','Tottenham Hotspur','Draw','Etihad Stadium');
INSERT INTO matches(matches_id, date,team1,team2,result, stadium_name) VALUES(114,'24-9-2015','Manchester City','Manchester United','Manchester City won','Old Trafford');
INSERT INTO matches(matches_id, date,team1,team2,result, stadium_name) VALUES(115,'27-9-2015','Arsenal','Manchester City','Arsenal won','Anfield');
INSERT INTO matches(matches_id, date,team1,team2,result, stadium_name) VALUES(116,'29-9-2015','Manchester United','Manchester City','Draw','White Hart Lane');
INSERT INTO matches(matches_id, date,team1,team2,result, stadium_name) VALUES(117,'2-10-2015','Liverpool','Manchester City','Manchester City won','Anfield');
INSERT INTO matches(matches_id, date,team1,team2,result, stadium_name) VALUES(118,'5-9-2015','Manchester United','Arsenal','Arsenal won','Emirates Stadium');

INSERT INTO sponsor_team(sponsor,team) VALUES(1,'Chelsea');
INSERT INTO sponsor_team(sponsor,team) VALUES(2,'Manchester City');
INSERT INTO sponsor_team(sponsor,team) VALUES(3,'Arsenal');
INSERT INTO sponsor_team(sponsor,team) VALUES(4,'Manchester United');
INSERT INTO sponsor_team(sponsor,team) VALUES(5,'Tottenham Hotspur');
INSERT INTO sponsor_team(sponsor,team) VALUES(6,'Liverpool');
